Date,Price,Open,High,Low,Vol.,Change %
12/31/2021,1.35,1.35,1.36,1.35,,0.26%
12/30/2021,1.35,1.35,1.35,1.35,,0.06%
12/29/2021,1.35,1.34,1.35,1.34,,0.39%
12/28/2021,1.34,1.34,1.35,1.34,,-0.02%
12/27/2021,1.34,1.34,1.34,1.34,,0.39%
12/24/2021,1.34,1.34,1.34,1.34,,-0.14%
12/23/2021,1.34,1.34,1.34,1.33,,0.42%
12/22/2021,1.33,1.33,1.34,1.32,,0.63%
12/21/2021,1.33,1.32,1.33,1.32,,0.44%
12/20/2021,1.32,1.32,1.32,1.32,,-0.26%
12/17/2021,1.32,1.33,1.33,1.32,,-0.58%
12/16/2021,1.33,1.33,1.34,1.32,,0.42%
12/15/2021,1.33,1.32,1.33,1.32,,0.19%
12/14/2021,1.32,1.32,1.33,1.32,,0.17%
12/13/2021,1.32,1.32,1.33,1.32,,-0.40%
12/10/2021,1.33,1.32,1.33,1.32,,0.38%
12/09/2021,1.32,1.32,1.32,1.32,,0.08%
12/08/2021,1.32,1.32,1.33,1.32,,-0.25%
12/07/2021,1.32,1.33,1.33,1.32,,-0.17%
12/06/2021,1.33,1.32,1.33,1.32,,0.25%
12/03/2021,1.32,1.33,1.33,1.32,,-0.56%
12/02/2021,1.33,1.33,1.33,1.33,,0.22%
12/01/2021,1.33,1.33,1.34,1.33,,-0.14%
11/30/2021,1.33,1.33,1.34,1.32,,-0.12%
11/29/2021,1.33,1.33,1.34,1.33,,-0.22%
11/26/2021,1.33,1.33,1.34,1.33,,0.15%
11/25/2021,1.33,1.33,1.34,1.33,,-0.04%
11/24/2021,1.33,1.34,1.34,1.33,,-0.37%
11/23/2021,1.34,1.34,1.34,1.33,,-0.16%
11/22/2021,1.34,1.35,1.35,1.34,,-0.42%
11/19/2021,1.35,1.35,1.35,1.34,,-0.27%
11/18/2021,1.35,1.35,1.35,1.35,,0.06%
11/17/2021,1.35,1.34,1.35,1.34,,0.39%
11/16/2021,1.34,1.34,1.35,1.34,,0.07%
11/15/2021,1.34,1.34,1.35,1.34,,0.04%
11/12/2021,1.34,1.34,1.34,1.34,,0.31%
11/11/2021,1.34,1.34,1.34,1.34,,-0.22%
11/10/2021,1.34,1.36,1.36,1.34,,-1.13%
11/09/2021,1.36,1.36,1.36,1.35,,-0.05%
11/08/2021,1.36,1.35,1.36,1.34,,0.50%
11/05/2021,1.35,1.35,1.35,1.34,,-0.03%
11/04/2021,1.35,1.37,1.37,1.35,,-1.36%
11/03/2021,1.37,1.36,1.37,1.36,,0.51%
11/02/2021,1.36,1.37,1.37,1.36,,-0.42%
11/01/2021,1.37,1.37,1.37,1.36,,-0.14%
10/29/2021,1.37,1.38,1.38,1.37,,-0.70%
10/28/2021,1.38,1.37,1.38,1.37,,0.31%
10/27/2021,1.37,1.38,1.38,1.37,,-0.15%
10/26/2021,1.38,1.38,1.38,1.38,,-0.01%
10/25/2021,1.38,1.38,1.38,1.37,,0.12%
10/22/2021,1.38,1.38,1.38,1.37,,-0.29%
10/21/2021,1.38,1.38,1.38,1.38,,-0.24%
10/20/2021,1.38,1.38,1.38,1.37,,0.21%
10/19/2021,1.38,1.37,1.38,1.37,,0.51%
10/18/2021,1.37,1.38,1.38,1.37,,-0.17%
10/15/2021,1.37,1.37,1.38,1.37,,0.56%
10/14/2021,1.37,1.37,1.37,1.37,,0.10%
10/13/2021,1.37,1.36,1.37,1.36,,0.54%
10/12/2021,1.36,1.36,1.36,1.36,,-0.07%
10/11/2021,1.36,1.36,1.37,1.36,,-0.12%
10/08/2021,1.36,1.36,1.37,1.36,,-0.04%
10/07/2021,1.36,1.36,1.36,1.36,,0.27%
10/06/2021,1.36,1.36,1.36,1.35,,-0.36%
10/05/2021,1.36,1.36,1.36,1.36,,0.12%
10/04/2021,1.36,1.35,1.36,1.35,,0.50%
10/01/2021,1.35,1.35,1.36,1.34,,0.54%
09/30/2021,1.35,1.34,1.35,1.34,,0.37%
09/29/2021,1.34,1.35,1.36,1.34,,-0.83%
09/28/2021,1.35,1.37,1.37,1.35,,-1.18%
09/27/2021,1.37,1.37,1.37,1.37,,0.10%
09/24/2021,1.37,1.37,1.37,1.37,,-0.25%
09/23/2021,1.37,1.36,1.38,1.36,,0.67%
09/22/2021,1.36,1.37,1.37,1.36,,-0.25%
09/21/2021,1.37,1.37,1.37,1.36,,0.01%
09/20/2021,1.37,1.37,1.38,1.36,,-0.62%
09/17/2021,1.37,1.38,1.38,1.37,,-0.33%
09/16/2021,1.38,1.38,1.39,1.38,,-0.35%
09/15/2021,1.38,1.38,1.39,1.38,,0.22%
09/14/2021,1.38,1.38,1.39,1.38,,-0.22%
09/13/2021,1.38,1.38,1.39,1.38,,-0.02%
09/10/2021,1.38,1.38,1.39,1.38,,0.03%
09/09/2021,1.38,1.38,1.39,1.38,,0.49%
09/08/2021,1.38,1.38,1.38,1.37,,-0.10%
09/07/2021,1.38,1.38,1.39,1.38,,-0.38%
09/06/2021,1.38,1.39,1.39,1.38,,-0.22%
09/03/2021,1.39,1.38,1.39,1.38,,0.26%
09/02/2021,1.38,1.38,1.38,1.38,,0.44%
09/01/2021,1.38,1.38,1.38,1.37,,0.10%
08/31/2021,1.38,1.38,1.38,1.37,,-0.03%
08/30/2021,1.38,1.38,1.38,1.37,,0.01%
08/27/2021,1.38,1.37,1.38,1.37,,0.42%
08/26/2021,1.37,1.38,1.38,1.37,,-0.44%
08/25/2021,1.38,1.37,1.38,1.37,,0.23%
08/24/2021,1.37,1.37,1.37,1.37,,0.07%
08/23/2021,1.37,1.36,1.37,1.36,,0.70%
08/20/2021,1.36,1.36,1.36,1.36,,-0.12%
08/19/2021,1.36,1.38,1.38,1.36,,-0.85%
08/18/2021,1.38,1.37,1.38,1.37,,0.12%
08/17/2021,1.37,1.39,1.39,1.37,,-0.80%
08/16/2021,1.39,1.38,1.39,1.38,,-0.09%
08/13/2021,1.39,1.38,1.39,1.38,,0.43%
08/12/2021,1.38,1.39,1.39,1.38,,-0.49%
08/11/2021,1.39,1.38,1.39,1.38,,0.21%
08/10/2021,1.38,1.38,1.39,1.38,,-0.01%
08/09/2021,1.38,1.39,1.39,1.38,,-0.19%
08/06/2021,1.39,1.39,1.39,1.39,,-0.41%
08/05/2021,1.39,1.39,1.40,1.39,,0.31%
08/04/2021,1.39,1.39,1.40,1.39,,-0.21%
08/03/2021,1.39,1.39,1.39,1.39,,0.24%
08/02/2021,1.39,1.39,1.39,1.39,,-0.14%
07/30/2021,1.39,1.40,1.40,1.39,,-0.43%
07/29/2021,1.40,1.39,1.40,1.39,,0.45%
07/28/2021,1.39,1.39,1.39,1.38,,0.17%
07/27/2021,1.39,1.38,1.39,1.38,,0.42%
07/26/2021,1.38,1.38,1.38,1.37,,0.52%
07/23/2021,1.37,1.38,1.38,1.37,,-0.13%
07/22/2021,1.38,1.37,1.38,1.37,,0.39%
07/21/2021,1.37,1.36,1.37,1.36,,0.62%
07/20/2021,1.36,1.37,1.37,1.36,,-0.34%
07/19/2021,1.37,1.38,1.38,1.37,,-0.73%
07/16/2021,1.38,1.38,1.39,1.38,,-0.40%
07/15/2021,1.38,1.39,1.39,1.38,,-0.20%
07/14/2021,1.39,1.38,1.39,1.38,,0.35%
07/13/2021,1.38,1.39,1.39,1.38,,-0.52%
07/12/2021,1.39,1.39,1.39,1.38,,-0.14%
07/09/2021,1.39,1.38,1.39,1.38,,0.83%
07/08/2021,1.38,1.38,1.38,1.37,,-0.11%
07/07/2021,1.38,1.38,1.38,1.38,,0.01%
07/06/2021,1.38,1.38,1.39,1.38,,-0.33%
07/05/2021,1.38,1.38,1.39,1.38,,0.17%
07/02/2021,1.38,1.38,1.38,1.37,,0.39%
07/01/2021,1.38,1.38,1.38,1.38,,-0.43%
06/30/2021,1.38,1.38,1.39,1.38,,-0.06%
06/29/2021,1.38,1.39,1.39,1.38,,-0.35%
06/28/2021,1.39,1.39,1.39,1.39,,0.04%
06/25/2021,1.39,1.39,1.39,1.39,,-0.32%
06/24/2021,1.39,1.40,1.40,1.39,,-0.27%
06/23/2021,1.40,1.39,1.40,1.39,,0.09%
06/22/2021,1.39,1.39,1.40,1.39,,0.13%
06/21/2021,1.39,1.38,1.39,1.38,,0.87%
06/18/2021,1.38,1.39,1.39,1.38,,-0.79%
06/17/2021,1.39,1.40,1.40,1.39,,-0.49%
06/16/2021,1.40,1.41,1.41,1.40,,-0.66%
06/15/2021,1.41,1.41,1.41,1.40,,-0.23%
06/14/2021,1.41,1.41,1.41,1.41,,0.04%
06/11/2021,1.41,1.42,1.42,1.41,,-0.47%
06/10/2021,1.42,1.41,1.42,1.41,,0.39%
06/09/2021,1.41,1.42,1.42,1.41,,-0.26%
06/08/2021,1.42,1.42,1.42,1.41,,-0.16%
06/07/2021,1.42,1.42,1.42,1.41,,0.17%
06/04/2021,1.42,1.41,1.42,1.41,,0.36%
06/03/2021,1.41,1.42,1.42,1.41,,-0.46%
06/02/2021,1.42,1.42,1.42,1.41,,0.16%
06/01/2021,1.41,1.42,1.43,1.41,,-0.44%
05/31/2021,1.42,1.42,1.42,1.42,,0.16%
05/28/2021,1.42,1.42,1.42,1.41,,-0.13%
05/27/2021,1.42,1.41,1.42,1.41,,0.62%
05/26/2021,1.41,1.42,1.42,1.41,,-0.23%
05/25/2021,1.42,1.42,1.42,1.41,,-0.03%
05/24/2021,1.42,1.42,1.42,1.41,,0.06%
05/21/2021,1.41,1.42,1.42,1.41,,-0.30%
05/20/2021,1.42,1.41,1.42,1.41,,0.54%
05/19/2021,1.41,1.42,1.42,1.41,,-0.52%
05/18/2021,1.42,1.41,1.42,1.41,,0.37%
05/17/2021,1.41,1.41,1.41,1.41,,0.27%
05/14/2021,1.41,1.41,1.41,1.40,,0.33%
05/13/2021,1.41,1.41,1.41,1.40,,-0.01%
05/12/2021,1.41,1.41,1.42,1.41,,-0.63%
05/11/2021,1.41,1.41,1.42,1.41,,0.15%
05/10/2021,1.41,1.40,1.42,1.40,,1.06%
05/07/2021,1.40,1.39,1.40,1.39,,0.63%
05/06/2021,1.39,1.39,1.39,1.39,,-0.13%
05/05/2021,1.39,1.39,1.39,1.39,,0.13%
05/04/2021,1.39,1.39,1.39,1.38,,-0.17%
05/03/2021,1.39,1.38,1.39,1.38,,0.69%
04/30/2021,1.38,1.39,1.40,1.38,,-0.90%
04/29/2021,1.39,1.39,1.40,1.39,,0.06%
04/28/2021,1.39,1.39,1.40,1.39,,0.14%
04/27/2021,1.39,1.39,1.39,1.39,,0.12%
04/26/2021,1.39,1.39,1.39,1.39,,0.16%
04/23/2021,1.39,1.38,1.39,1.38,,0.27%
04/22/2021,1.38,1.39,1.40,1.38,,-0.67%
04/21/2021,1.39,1.39,1.40,1.39,,-0.05%
04/20/2021,1.39,1.40,1.40,1.39,,-0.34%
04/19/2021,1.40,1.38,1.40,1.38,,1.11%
04/16/2021,1.38,1.38,1.38,1.37,,0.32%
04/15/2021,1.38,1.38,1.38,1.38,,0.06%
04/14/2021,1.38,1.37,1.38,1.37,,0.22%
04/13/2021,1.37,1.37,1.38,1.37,,0.06%
04/12/2021,1.37,1.37,1.38,1.37,,0.23%
04/09/2021,1.37,1.37,1.38,1.37,,-0.18%
04/08/2021,1.37,1.37,1.38,1.37,,-0.01%
04/07/2021,1.37,1.38,1.38,1.37,,-0.64%
04/06/2021,1.38,1.39,1.39,1.38,,-0.53%
04/05/2021,1.39,1.38,1.39,1.38,,0.49%
04/02/2021,1.38,1.38,1.39,1.38,,-0.01%
04/01/2021,1.38,1.38,1.38,1.37,,0.37%
03/31/2021,1.38,1.37,1.38,1.37,,0.29%
03/30/2021,1.37,1.38,1.38,1.37,,-0.15%
03/29/2021,1.38,1.38,1.38,1.38,,-0.20%
03/26/2021,1.38,1.37,1.38,1.37,,0.40%
03/25/2021,1.37,1.37,1.37,1.37,,0.36%
03/24/2021,1.37,1.38,1.38,1.37,,-0.49%
03/23/2021,1.38,1.39,1.39,1.37,,-0.82%
03/22/2021,1.39,1.39,1.39,1.38,,-0.04%
03/19/2021,1.39,1.39,1.40,1.38,,-0.37%
03/18/2021,1.39,1.40,1.40,1.39,,-0.31%
03/17/2021,1.40,1.39,1.40,1.39,,0.55%
03/16/2021,1.39,1.39,1.39,1.38,,-0.04%
03/15/2021,1.39,1.39,1.40,1.39,,-0.21%
03/12/2021,1.39,1.40,1.40,1.39,,-0.49%
03/11/2021,1.40,1.39,1.40,1.39,,0.43%
03/10/2021,1.39,1.39,1.39,1.38,,0.27%
03/09/2021,1.39,1.38,1.39,1.38,,0.50%
03/08/2021,1.38,1.38,1.39,1.38,,-0.12%
03/05/2021,1.38,1.39,1.39,1.38,,-0.38%
03/04/2021,1.39,1.40,1.40,1.39,,-0.42%
03/03/2021,1.40,1.40,1.40,1.39,,0.00%
03/02/2021,1.40,1.39,1.40,1.39,,0.22%
03/01/2021,1.39,1.39,1.40,1.39,,-0.07%
02/26/2021,1.39,1.40,1.40,1.39,,-0.58%
02/25/2021,1.40,1.41,1.42,1.40,,-0.89%
02/24/2021,1.41,1.41,1.42,1.41,,0.21%
02/23/2021,1.41,1.41,1.41,1.41,,0.35%
02/22/2021,1.41,1.40,1.41,1.40,,0.34%
02/19/2021,1.40,1.40,1.40,1.40,,0.31%
02/18/2021,1.40,1.39,1.40,1.38,,0.85%
02/17/2021,1.39,1.39,1.39,1.38,,-0.35%
02/16/2021,1.39,1.39,1.40,1.39,,-0.01%
02/15/2021,1.39,1.38,1.39,1.38,,0.43%
02/12/2021,1.38,1.38,1.39,1.38,,0.21%
02/11/2021,1.38,1.38,1.39,1.38,,-0.09%
02/10/2021,1.38,1.38,1.39,1.38,,0.10%
02/09/2021,1.38,1.37,1.38,1.37,,0.55%
02/08/2021,1.37,1.37,1.38,1.37,,0.04%
02/05/2021,1.37,1.37,1.37,1.37,,0.46%
02/04/2021,1.37,1.36,1.37,1.36,,0.19%
02/03/2021,1.36,1.37,1.37,1.36,,-0.15%
02/02/2021,1.37,1.37,1.37,1.36,,0.03%
02/01/2021,1.37,1.37,1.38,1.37,,-0.30%
01/29/2021,1.37,1.37,1.38,1.37,,-0.12%
01/28/2021,1.37,1.37,1.37,1.36,,0.23%
01/27/2021,1.37,1.37,1.38,1.37,,-0.34%
01/26/2021,1.37,1.37,1.37,1.36,,0.43%
01/25/2021,1.37,1.37,1.37,1.36,,-0.07%
01/22/2021,1.37,1.37,1.37,1.36,,-0.35%
01/21/2021,1.37,1.37,1.37,1.37,,0.58%
01/20/2021,1.37,1.36,1.37,1.36,,0.18%
01/19/2021,1.36,1.36,1.36,1.36,,0.32%
01/18/2021,1.36,1.36,1.36,1.35,,-0.01%
01/15/2021,1.36,1.37,1.37,1.36,,-0.74%
01/14/2021,1.37,1.36,1.37,1.36,,0.37%
01/13/2021,1.36,1.37,1.37,1.36,,-0.19%
01/12/2021,1.37,1.35,1.37,1.35,,1.10%
01/11/2021,1.35,1.36,1.36,1.35,,-0.36%
01/08/2021,1.36,1.36,1.36,1.35,,0.00%
01/07/2021,1.36,1.36,1.36,1.35,,-0.32%
01/06/2021,1.36,1.36,1.37,1.35,,-0.12%
01/05/2021,1.36,1.36,1.36,1.36,,0.41%
01/04/2021,1.36,1.37,1.37,1.35,,-0.75%
01/01/2021,1.37,1.37,1.37,1.37,,-0.01%
12/31/2020,1.37,1.36,1.37,1.36,,0.37%
12/30/2020,1.36,1.35,1.36,1.35,,0.90%
12/29/2020,1.35,1.35,1.35,1.34,,0.38%
12/28/2020,1.34,1.35,1.36,1.34,,-0.73%
12/25/2020,1.35,1.36,1.36,1.36,,-0.05%
12/24/2020,1.36,1.35,1.36,1.35,,0.47%
12/23/2020,1.35,1.34,1.36,1.34,,0.99%
12/22/2020,1.34,1.35,1.35,1.33,,-0.77%
12/21/2020,1.35,1.35,1.35,1.32,,-0.42%
12/18/2020,1.35,1.36,1.36,1.35,,-0.46%
12/17/2020,1.36,1.35,1.36,1.35,,0.56%
12/16/2020,1.35,1.35,1.36,1.34,,0.34%
12/15/2020,1.35,1.33,1.35,1.33,,1.04%
12/14/2020,1.33,1.33,1.34,1.33,,0.75%
12/11/2020,1.32,1.33,1.33,1.31,,-0.53%
12/10/2020,1.33,1.34,1.34,1.32,,-0.77%
12/09/2020,1.34,1.34,1.35,1.34,,0.32%
12/08/2020,1.34,1.34,1.34,1.33,,-0.17%
12/07/2020,1.34,1.34,1.34,1.32,,-0.45%
12/04/2020,1.34,1.34,1.35,1.34,,-0.11%
12/03/2020,1.35,1.34,1.35,1.34,,0.67%
12/02/2020,1.34,1.34,1.34,1.33,,-0.39%
12/01/2020,1.34,1.33,1.34,1.33,,0.71%
11/30/2020,1.33,1.33,1.34,1.33,,0.05%
11/27/2020,1.33,1.34,1.34,1.33,,-0.31%
11/26/2020,1.34,1.34,1.34,1.33,,-0.20%
11/25/2020,1.34,1.34,1.34,1.33,,0.19%
11/24/2020,1.34,1.33,1.34,1.33,,0.25%
11/23/2020,1.33,1.33,1.34,1.33,,0.31%
11/20/2020,1.33,1.33,1.33,1.32,,0.16%
11/19/2020,1.33,1.33,1.33,1.32,,-0.06%
11/18/2020,1.33,1.32,1.33,1.32,,0.21%
11/17/2020,1.32,1.32,1.33,1.32,,0.38%
11/16/2020,1.32,1.32,1.32,1.32,,0.04%
11/13/2020,1.32,1.31,1.32,1.31,,0.55%
11/12/2020,1.31,1.32,1.32,1.31,,-0.81%
11/11/2020,1.32,1.33,1.33,1.32,,-0.38%
11/10/2020,1.33,1.32,1.33,1.32,,0.82%
11/09/2020,1.32,1.32,1.32,1.31,,0.05%
11/06/2020,1.32,1.31,1.32,1.31,,0.11%
11/05/2020,1.31,1.30,1.32,1.29,,1.21%
11/04/2020,1.30,1.31,1.31,1.29,,-0.56%
11/03/2020,1.31,1.29,1.31,1.29,,1.13%
11/02/2020,1.29,1.29,1.30,1.29,,-0.22%
10/30/2020,1.29,1.29,1.30,1.29,,0.12%
10/29/2020,1.29,1.30,1.30,1.29,,-0.42%
10/28/2020,1.30,1.30,1.31,1.29,,-0.48%
10/27/2020,1.30,1.30,1.31,1.30,,0.15%
10/26/2020,1.30,1.30,1.31,1.30,,-0.13%
10/23/2020,1.30,1.31,1.31,1.30,,-0.31%
10/22/2020,1.31,1.32,1.32,1.31,,-0.48%
10/21/2020,1.31,1.29,1.32,1.29,,1.55%
10/20/2020,1.29,1.30,1.30,1.29,,-0.02%
10/19/2020,1.29,1.29,1.30,1.29,,0.26%
10/16/2020,1.29,1.29,1.30,1.29,,-0.01%
10/15/2020,1.29,1.30,1.30,1.29,,-0.75%
10/14/2020,1.30,1.29,1.31,1.29,,0.60%
10/13/2020,1.29,1.31,1.31,1.29,,-1.00%
10/12/2020,1.31,1.30,1.31,1.30,,0.14%
10/09/2020,1.30,1.29,1.31,1.29,,0.87%
10/08/2020,1.29,1.29,1.30,1.29,,0.12%
10/07/2020,1.29,1.29,1.29,1.28,,0.32%
10/06/2020,1.29,1.30,1.30,1.29,,-0.77%
10/05/2020,1.30,1.29,1.30,1.29,,0.36%
10/02/2020,1.29,1.29,1.30,1.28,,0.33%
10/01/2020,1.29,1.29,1.30,1.28,,-0.21%
09/30/2020,1.29,1.29,1.29,1.28,,0.43%
09/29/2020,1.29,1.28,1.29,1.28,,0.27%
09/28/2020,1.28,1.27,1.29,1.27,,0.64%
09/25/2020,1.27,1.28,1.28,1.27,,-0.03%
09/24/2020,1.27,1.27,1.28,1.27,,0.21%
09/23/2020,1.27,1.27,1.28,1.27,,-0.07%
09/22/2020,1.27,1.28,1.29,1.27,,-0.65%
09/21/2020,1.28,1.29,1.30,1.28,,-0.78%
09/18/2020,1.29,1.30,1.30,1.29,,-0.44%
09/17/2020,1.30,1.30,1.30,1.29,,0.05%
09/16/2020,1.30,1.29,1.30,1.29,,0.61%
09/15/2020,1.29,1.28,1.29,1.28,,0.33%
09/14/2020,1.28,1.28,1.29,1.28,,0.40%
09/11/2020,1.28,1.28,1.29,1.28,,-0.08%
09/10/2020,1.28,1.30,1.30,1.28,,-1.52%
09/09/2020,1.30,1.30,1.30,1.29,,0.10%
09/08/2020,1.30,1.32,1.32,1.30,,-1.36%
09/07/2020,1.32,1.33,1.33,1.31,,-0.87%
09/04/2020,1.33,1.33,1.33,1.32,,0.02%
09/03/2020,1.33,1.33,1.34,1.32,,-0.54%
09/02/2020,1.34,1.34,1.34,1.33,,-0.22%
09/01/2020,1.34,1.34,1.35,1.34,,0.09%
08/31/2020,1.34,1.33,1.34,1.33,,0.15%
08/28/2020,1.33,1.32,1.34,1.32,,1.14%
08/27/2020,1.32,1.32,1.33,1.32,,-0.08%
08/26/2020,1.32,1.32,1.32,1.31,,0.44%
08/25/2020,1.32,1.31,1.32,1.31,,0.67%
08/24/2020,1.31,1.31,1.31,1.31,,-0.18%
08/21/2020,1.31,1.32,1.33,1.31,,-0.95%
08/20/2020,1.32,1.31,1.32,1.31,,0.87%
08/19/2020,1.31,1.32,1.33,1.31,,-1.04%
08/18/2020,1.32,1.31,1.33,1.31,,1.02%
08/17/2020,1.31,1.31,1.31,1.31,,0.14%
08/14/2020,1.31,1.31,1.31,1.30,,0.16%
08/13/2020,1.31,1.30,1.31,1.30,,0.24%
08/12/2020,1.30,1.31,1.31,1.30,,-0.12%
08/11/2020,1.30,1.31,1.31,1.30,,-0.17%
08/10/2020,1.31,1.30,1.31,1.30,,0.15%
08/07/2020,1.31,1.32,1.32,1.30,,-0.72%
08/06/2020,1.31,1.31,1.32,1.31,,0.26%
08/05/2020,1.31,1.31,1.32,1.31,,0.40%
08/04/2020,1.31,1.31,1.31,1.30,,-0.09%
08/03/2020,1.31,1.31,1.31,1.30,,-0.12%
07/31/2020,1.31,1.31,1.32,1.31,,-0.04%
07/30/2020,1.31,1.30,1.31,1.29,,0.75%
07/29/2020,1.30,1.29,1.30,1.29,,0.50%
07/28/2020,1.29,1.29,1.30,1.28,,0.38%
07/27/2020,1.29,1.28,1.29,1.28,,0.72%
07/24/2020,1.28,1.27,1.28,1.27,,0.39%
07/23/2020,1.27,1.27,1.28,1.27,,0.05%
07/22/2020,1.27,1.27,1.27,1.26,,0.03%
07/21/2020,1.27,1.27,1.28,1.27,,0.54%
07/20/2020,1.27,1.26,1.27,1.25,,0.76%
07/17/2020,1.26,1.26,1.26,1.25,,0.13%
07/16/2020,1.25,1.26,1.26,1.25,,-0.25%
07/15/2020,1.26,1.26,1.27,1.25,,0.26%
07/14/2020,1.25,1.26,1.26,1.25,,-0.03%
07/13/2020,1.26,1.26,1.27,1.26,,-0.54%
07/10/2020,1.26,1.26,1.27,1.26,,0.13%
07/09/2020,1.26,1.26,1.27,1.26,,-0.04%
07/08/2020,1.26,1.25,1.26,1.25,,0.55%
07/07/2020,1.25,1.25,1.26,1.25,,0.39%
07/06/2020,1.25,1.25,1.25,1.25,,0.06%
07/03/2020,1.25,1.25,1.25,1.24,,0.14%
07/02/2020,1.25,1.25,1.25,1.25,,-0.03%
07/01/2020,1.25,1.24,1.25,1.24,,0.57%
06/30/2020,1.24,1.23,1.24,1.23,,0.84%
06/29/2020,1.23,1.23,1.24,1.23,,-0.30%
06/26/2020,1.23,1.24,1.24,1.23,,-0.65%
06/25/2020,1.24,1.24,1.25,1.24,,-0.03%
06/24/2020,1.24,1.25,1.25,1.24,,-0.80%
06/23/2020,1.25,1.25,1.25,1.24,,0.46%
06/22/2020,1.25,1.24,1.25,1.23,,0.85%
06/19/2020,1.24,1.24,1.25,1.23,,-0.55%
06/18/2020,1.24,1.26,1.26,1.24,,-1.04%
06/17/2020,1.26,1.26,1.26,1.25,,-0.16%
06/16/2020,1.26,1.26,1.27,1.26,,-0.22%
06/15/2020,1.26,1.25,1.26,1.25,,0.49%
06/12/2020,1.25,1.26,1.27,1.25,,-0.48%
06/11/2020,1.26,1.27,1.28,1.26,,-1.14%
06/10/2020,1.27,1.27,1.28,1.27,,0.13%
06/09/2020,1.27,1.27,1.28,1.26,,0.06%
06/08/2020,1.27,1.27,1.27,1.26,,0.47%
06/05/2020,1.27,1.26,1.27,1.26,,0.55%
06/04/2020,1.26,1.26,1.26,1.25,,0.17%
06/03/2020,1.26,1.26,1.26,1.25,,0.18%
06/02/2020,1.25,1.25,1.26,1.25,,0.46%
06/01/2020,1.25,1.23,1.25,1.23,,1.20%
05/29/2020,1.23,1.23,1.24,1.23,,0.23%
05/28/2020,1.23,1.23,1.23,1.22,,0.54%
05/27/2020,1.23,1.23,1.24,1.22,,-0.66%
05/26/2020,1.23,1.22,1.24,1.22,,1.22%
05/25/2020,1.22,1.22,1.22,1.22,,0.15%
05/22/2020,1.22,1.22,1.22,1.22,,-0.47%
05/21/2020,1.22,1.22,1.23,1.22,,-0.14%
05/20/2020,1.22,1.22,1.23,1.22,,-0.10%
05/19/2020,1.23,1.22,1.23,1.22,,0.51%
05/18/2020,1.22,1.21,1.22,1.21,,0.70%
05/15/2020,1.21,1.22,1.22,1.21,,-1.00%
05/14/2020,1.22,1.22,1.22,1.22,,-0.02%
05/13/2020,1.22,1.23,1.23,1.22,,-0.24%
05/12/2020,1.23,1.23,1.24,1.23,,-0.62%
05/11/2020,1.23,1.24,1.24,1.23,,-0.58%
05/08/2020,1.24,1.24,1.25,1.24,,0.37%
05/07/2020,1.24,1.23,1.24,1.23,,0.16%
05/06/2020,1.23,1.24,1.25,1.23,,-0.75%
05/05/2020,1.24,1.24,1.25,1.24,,-0.06%
05/04/2020,1.24,1.25,1.25,1.24,,-0.48%
05/01/2020,1.25,1.26,1.26,1.25,,-0.71%
04/30/2020,1.26,1.25,1.26,1.24,,1.03%
04/29/2020,1.25,1.24,1.25,1.24,,0.35%
04/28/2020,1.24,1.24,1.25,1.24,,-0.06%
04/27/2020,1.24,1.24,1.25,1.24,,0.49%
04/24/2020,1.24,1.23,1.24,1.23,,0.20%
04/23/2020,1.23,1.23,1.24,1.23,,0.08%
04/22/2020,1.23,1.23,1.24,1.23,,0.32%
04/21/2020,1.23,1.24,1.25,1.22,,-1.14%
04/20/2020,1.24,1.25,1.25,1.24,,-0.51%
04/17/2020,1.25,1.25,1.25,1.24,,0.35%
04/16/2020,1.25,1.25,1.25,1.24,,-0.47%
04/15/2020,1.25,1.26,1.26,1.24,,-0.86%
04/14/2020,1.26,1.25,1.26,1.25,,0.93%
04/13/2020,1.25,1.25,1.25,1.25,,0.44%
04/10/2020,1.25,1.25,1.25,1.24,,-0.02%
04/09/2020,1.25,1.24,1.25,1.24,,0.57%
04/08/2020,1.24,1.23,1.24,1.23,,0.39%
04/07/2020,1.23,1.22,1.24,1.22,,0.88%
04/06/2020,1.22,1.23,1.23,1.22,,-0.25%
04/03/2020,1.23,1.24,1.24,1.22,,-1.07%
04/02/2020,1.24,1.24,1.25,1.23,,0.13%
04/01/2020,1.24,1.24,1.24,1.23,,-0.34%
03/31/2020,1.24,1.24,1.25,1.23,,0.02%
03/30/2020,1.24,1.24,1.25,1.23,,-0.32%
03/27/2020,1.25,1.22,1.25,1.21,,2.09%
03/26/2020,1.22,1.19,1.22,1.18,,2.66%
03/25/2020,1.19,1.18,1.20,1.16,,1.09%
03/24/2020,1.18,1.15,1.18,1.15,,1.81%
03/23/2020,1.15,1.17,1.17,1.14,,-0.80%
03/20/2020,1.16,1.15,1.19,1.14,,1.36%
03/19/2020,1.15,1.16,1.18,1.15,,-1.10%
03/18/2020,1.16,1.21,1.21,1.15,,-3.63%
03/17/2020,1.21,1.23,1.23,1.20,,-1.76%
03/16/2020,1.23,1.23,1.24,1.22,,-0.08%
03/13/2020,1.23,1.26,1.26,1.23,,-2.35%
03/12/2020,1.26,1.28,1.29,1.25,,-1.94%
03/11/2020,1.28,1.29,1.30,1.28,,-0.67%
03/10/2020,1.29,1.31,1.31,1.29,,-1.71%
03/09/2020,1.31,1.30,1.32,1.30,,0.64%
03/06/2020,1.30,1.30,1.31,1.29,,0.72%
03/05/2020,1.30,1.29,1.30,1.29,,0.65%
03/04/2020,1.29,1.28,1.29,1.28,,0.47%
03/03/2020,1.28,1.28,1.28,1.27,,0.47%
03/02/2020,1.28,1.28,1.29,1.27,,-0.55%
02/28/2020,1.28,1.29,1.29,1.27,,-0.50%
02/27/2020,1.29,1.29,1.29,1.29,,-0.15%
02/26/2020,1.29,1.30,1.30,1.29,,-0.78%
02/25/2020,1.30,1.29,1.30,1.29,,0.60%
02/24/2020,1.29,1.30,1.30,1.29,,-0.32%
02/21/2020,1.30,1.29,1.30,1.29,,0.70%
02/20/2020,1.29,1.29,1.29,1.28,,-0.31%
02/19/2020,1.29,1.30,1.30,1.29,,-0.61%
02/18/2020,1.30,1.30,1.30,1.30,,-0.06%
02/17/2020,1.30,1.30,1.31,1.30,,-0.31%
02/14/2020,1.30,1.31,1.31,1.30,,0.01%
02/13/2020,1.30,1.30,1.31,1.29,,0.66%
02/12/2020,1.30,1.30,1.30,1.29,,0.07%
02/11/2020,1.30,1.29,1.30,1.29,,0.29%
02/10/2020,1.29,1.29,1.29,1.29,,0.17%
02/07/2020,1.29,1.29,1.30,1.29,,-0.29%
02/06/2020,1.29,1.30,1.30,1.29,,-0.55%
02/05/2020,1.30,1.30,1.31,1.30,,-0.22%
02/04/2020,1.30,1.30,1.30,1.29,,0.28%
02/03/2020,1.30,1.32,1.32,1.30,,-1.56%
01/31/2020,1.32,1.31,1.32,1.31,,0.80%
01/30/2020,1.31,1.30,1.31,1.30,,0.57%
01/29/2020,1.30,1.30,1.30,1.30,,-0.05%
01/28/2020,1.30,1.31,1.31,1.30,,-0.20%
01/27/2020,1.31,1.31,1.31,1.30,,-0.18%
01/24/2020,1.31,1.31,1.32,1.31,,-0.34%
01/23/2020,1.31,1.31,1.32,1.31,,-0.14%
01/22/2020,1.31,1.31,1.32,1.30,,0.71%
01/21/2020,1.30,1.30,1.31,1.30,,0.29%
01/20/2020,1.30,1.30,1.30,1.30,,0.01%
01/17/2020,1.30,1.31,1.31,1.30,,-0.52%
01/16/2020,1.31,1.30,1.31,1.30,,0.31%
01/15/2020,1.30,1.30,1.30,1.30,,0.15%
01/14/2020,1.30,1.30,1.30,1.30,,0.22%
01/13/2020,1.30,1.31,1.31,1.30,,-0.54%
01/10/2020,1.31,1.31,1.31,1.30,,-0.05%
01/09/2020,1.31,1.31,1.31,1.30,,-0.24%
01/08/2020,1.31,1.31,1.32,1.31,,-0.20%
01/07/2020,1.31,1.32,1.32,1.31,,-0.33%
01/06/2020,1.32,1.31,1.32,1.31,,0.62%
01/03/2020,1.31,1.31,1.32,1.31,,-0.44%
01/02/2020,1.31,1.33,1.33,1.31,,-0.83%
01/01/2020,1.33,1.33,1.33,1.32,,-0.04%
12/31/2019,1.33,1.31,1.33,1.31,,1.11%
12/30/2019,1.31,1.31,1.32,1.31,,0.28%
12/27/2019,1.31,1.30,1.31,1.30,,0.65%
12/26/2019,1.30,1.30,1.30,1.30,,0.25%
12/25/2019,1.30,1.29,1.30,1.29,,0.12%
12/24/2019,1.29,1.29,1.30,1.29,,0.09%
12/23/2019,1.29,1.30,1.30,1.29,,-0.53%
12/20/2019,1.30,1.30,1.31,1.30,,-0.04%
12/19/2019,1.30,1.31,1.31,1.30,,-0.53%
12/18/2019,1.31,1.31,1.31,1.31,,-0.40%
12/17/2019,1.31,1.33,1.33,1.31,,-1.51%
12/16/2019,1.33,1.33,1.34,1.33,,0.03%
12/13/2019,1.33,1.32,1.35,1.32,,1.24%
12/12/2019,1.32,1.32,1.32,1.31,,-0.23%
12/11/2019,1.32,1.32,1.32,1.31,,0.30%
12/10/2019,1.32,1.32,1.32,1.31,,0.08%
12/09/2019,1.31,1.31,1.32,1.31,,0.06%
12/06/2019,1.31,1.32,1.32,1.31,,-0.15%
12/05/2019,1.32,1.31,1.32,1.31,,0.40%
12/04/2019,1.31,1.30,1.31,1.30,,0.85%
12/03/2019,1.30,1.29,1.30,1.29,,0.43%
12/02/2019,1.29,1.29,1.30,1.29,,0.02%
11/29/2019,1.29,1.29,1.29,1.29,,0.17%
11/28/2019,1.29,1.29,1.30,1.29,,-0.08%
11/27/2019,1.29,1.29,1.29,1.28,,0.44%
11/26/2019,1.29,1.29,1.29,1.28,,-0.26%
11/25/2019,1.29,1.29,1.29,1.28,,0.53%
11/22/2019,1.28,1.29,1.29,1.28,,-0.64%
11/21/2019,1.29,1.29,1.30,1.29,,-0.07%
11/20/2019,1.29,1.29,1.29,1.29,,0.00%
11/19/2019,1.29,1.30,1.30,1.29,,-0.23%
11/18/2019,1.30,1.29,1.30,1.29,,0.41%
11/15/2019,1.29,1.29,1.29,1.29,,0.14%
11/14/2019,1.29,1.29,1.29,1.28,,0.25%
11/13/2019,1.28,1.28,1.29,1.28,,0.04%
11/12/2019,1.28,1.29,1.29,1.28,,-0.05%
11/11/2019,1.29,1.28,1.29,1.28,,0.63%
11/08/2019,1.28,1.28,1.28,1.28,,-0.34%
11/07/2019,1.28,1.29,1.29,1.28,,-0.29%
11/06/2019,1.29,1.29,1.29,1.28,,-0.25%
11/05/2019,1.29,1.29,1.29,1.29,,0.00%
11/04/2019,1.29,1.29,1.29,1.29,,-0.40%
11/01/2019,1.29,1.29,1.30,1.29,,-0.05%
10/31/2019,1.29,1.29,1.30,1.29,,0.30%
10/30/2019,1.29,1.29,1.29,1.28,,0.28%
10/29/2019,1.29,1.29,1.29,1.28,,0.02%
10/28/2019,1.29,1.28,1.29,1.28,,0.32%
10/25/2019,1.28,1.29,1.29,1.28,,-0.23%
10/24/2019,1.29,1.29,1.30,1.28,,-0.51%
10/23/2019,1.29,1.29,1.29,1.28,,0.34%
10/22/2019,1.29,1.30,1.30,1.29,,-0.66%
10/21/2019,1.30,1.29,1.30,1.29,,-0.10%
10/18/2019,1.30,1.29,1.30,1.28,,0.64%
10/17/2019,1.29,1.28,1.30,1.28,,0.45%
10/16/2019,1.28,1.28,1.29,1.27,,0.34%
10/15/2019,1.28,1.26,1.28,1.26,,1.43%
10/14/2019,1.26,1.26,1.27,1.25,,-0.32%
10/11/2019,1.26,1.24,1.27,1.24,,1.66%
10/10/2019,1.24,1.22,1.25,1.22,,1.93%
10/09/2019,1.22,1.22,1.23,1.22,,-0.11%
10/08/2019,1.22,1.23,1.23,1.22,,-0.59%
10/07/2019,1.23,1.23,1.23,1.23,,-0.34%
10/04/2019,1.23,1.23,1.24,1.23,,0.03%
10/03/2019,1.23,1.23,1.24,1.23,,0.23%
10/02/2019,1.23,1.23,1.23,1.22,,-0.01%
10/01/2019,1.23,1.23,1.23,1.22,,0.11%
09/30/2019,1.23,1.23,1.23,1.23,,-0.01%
09/27/2019,1.23,1.23,1.23,1.23,,-0.28%
09/26/2019,1.23,1.24,1.24,1.23,,-0.22%
09/25/2019,1.23,1.25,1.25,1.23,,-1.11%
09/24/2019,1.25,1.24,1.25,1.24,,0.47%
09/23/2019,1.24,1.25,1.25,1.24,,-0.38%
09/20/2019,1.25,1.25,1.26,1.25,,-0.38%
09/19/2019,1.25,1.25,1.26,1.24,,0.45%
09/18/2019,1.25,1.25,1.25,1.24,,-0.26%
09/17/2019,1.25,1.24,1.25,1.24,,0.58%
09/16/2019,1.24,1.25,1.25,1.24,,-0.58%
09/13/2019,1.25,1.23,1.25,1.23,,1.36%
09/12/2019,1.23,1.23,1.24,1.23,,0.05%
09/11/2019,1.23,1.23,1.24,1.23,,-0.16%
09/10/2019,1.23,1.23,1.24,1.23,,0.01%
09/09/2019,1.23,1.23,1.24,1.22,,0.52%
09/06/2019,1.23,1.23,1.23,1.23,,-0.39%
09/05/2019,1.23,1.23,1.24,1.22,,0.64%
09/04/2019,1.23,1.21,1.23,1.21,,1.37%
09/03/2019,1.21,1.21,1.21,1.20,,0.15%
09/02/2019,1.21,1.21,1.22,1.20,,-0.74%
08/30/2019,1.22,1.22,1.22,1.21,,-0.26%
08/29/2019,1.22,1.22,1.22,1.22,,-0.17%
08/28/2019,1.22,1.23,1.23,1.22,,-0.63%
08/27/2019,1.23,1.22,1.23,1.22,,0.59%
08/26/2019,1.22,1.23,1.23,1.22,,-0.51%
08/23/2019,1.23,1.23,1.23,1.22,,0.22%
08/22/2019,1.23,1.21,1.23,1.21,,1.02%
08/21/2019,1.21,1.22,1.22,1.21,,-0.35%
08/20/2019,1.22,1.21,1.22,1.21,,0.35%
08/19/2019,1.21,1.21,1.22,1.21,,-0.20%
08/16/2019,1.21,1.21,1.22,1.21,,0.54%
08/15/2019,1.21,1.21,1.22,1.20,,0.21%
08/14/2019,1.21,1.21,1.21,1.20,,0.01%
08/13/2019,1.21,1.21,1.21,1.20,,-0.12%
08/12/2019,1.21,1.20,1.21,1.20,,0.32%
08/09/2019,1.20,1.21,1.22,1.20,,-0.80%
08/08/2019,1.21,1.21,1.22,1.21,,-0.07%
08/07/2019,1.21,1.22,1.22,1.21,,-0.21%
08/06/2019,1.22,1.21,1.22,1.21,,0.21%
08/05/2019,1.21,1.21,1.22,1.21,,-0.11%
08/02/2019,1.22,1.21,1.22,1.21,,0.19%
08/01/2019,1.21,1.22,1.22,1.21,,-0.21%
07/31/2019,1.22,1.22,1.23,1.21,,0.07%
07/30/2019,1.21,1.22,1.22,1.21,,-0.56%
07/29/2019,1.22,1.24,1.24,1.22,,-1.32%
07/26/2019,1.24,1.25,1.25,1.24,,-0.59%
07/25/2019,1.25,1.25,1.25,1.24,,-0.22%
07/24/2019,1.25,1.24,1.25,1.24,,0.36%
07/23/2019,1.24,1.25,1.25,1.24,,-0.30%
07/22/2019,1.25,1.25,1.25,1.25,,-0.21%
07/19/2019,1.25,1.26,1.26,1.25,,-0.37%
07/18/2019,1.25,1.24,1.26,1.24,,0.93%
07/17/2019,1.24,1.24,1.25,1.24,,0.23%
07/16/2019,1.24,1.25,1.25,1.24,,-0.89%
07/15/2019,1.25,1.26,1.26,1.25,,-0.47%
07/12/2019,1.26,1.25,1.26,1.25,,0.43%
07/11/2019,1.25,1.25,1.26,1.25,,0.16%
07/10/2019,1.25,1.25,1.25,1.24,,0.27%
07/09/2019,1.25,1.25,1.25,1.24,,-0.36%
07/08/2019,1.25,1.25,1.25,1.25,,-0.10%
07/05/2019,1.25,1.26,1.26,1.25,,-0.42%
07/04/2019,1.26,1.26,1.26,1.26,,0.04%
07/03/2019,1.26,1.26,1.26,1.26,,-0.16%
07/02/2019,1.26,1.26,1.27,1.26,,-0.37%
07/01/2019,1.26,1.27,1.27,1.26,,-0.43%
06/28/2019,1.27,1.27,1.27,1.27,,0.14%
06/27/2019,1.27,1.27,1.27,1.27,,-0.10%
06/26/2019,1.27,1.27,1.27,1.27,,-0.07%
06/25/2019,1.27,1.27,1.28,1.27,,-0.33%
06/24/2019,1.27,1.27,1.28,1.27,,-0.01%
06/21/2019,1.27,1.27,1.28,1.26,,0.32%
06/20/2019,1.27,1.26,1.27,1.26,,0.47%
06/19/2019,1.26,1.26,1.27,1.25,,0.66%
06/18/2019,1.26,1.25,1.26,1.25,,0.19%
06/17/2019,1.25,1.26,1.26,1.25,,-0.46%
06/14/2019,1.26,1.27,1.27,1.26,,-0.65%
06/13/2019,1.27,1.27,1.27,1.27,,-0.11%
06/12/2019,1.27,1.27,1.28,1.27,,-0.28%
06/11/2019,1.27,1.27,1.27,1.27,,0.31%
06/10/2019,1.27,1.27,1.27,1.27,,-0.40%
06/07/2019,1.27,1.27,1.28,1.27,,0.28%
06/06/2019,1.27,1.27,1.27,1.27,,0.12%
06/05/2019,1.27,1.27,1.27,1.27,,-0.09%
06/04/2019,1.27,1.27,1.27,1.26,,0.26%
06/03/2019,1.27,1.26,1.27,1.26,,0.25%
05/31/2019,1.26,1.26,1.26,1.26,,0.20%
05/30/2019,1.26,1.26,1.26,1.26,,-0.15%
05/29/2019,1.26,1.27,1.27,1.26,,-0.21%
05/28/2019,1.27,1.27,1.27,1.27,,-0.20%
05/27/2019,1.27,1.27,1.28,1.27,,-0.28%
05/24/2019,1.27,1.27,1.27,1.26,,0.46%
05/23/2019,1.27,1.27,1.27,1.26,,-0.06%
05/22/2019,1.27,1.27,1.27,1.26,,-0.35%
05/21/2019,1.27,1.27,1.28,1.27,,-0.17%
05/20/2019,1.27,1.27,1.28,1.27,,0.06%
05/17/2019,1.27,1.28,1.28,1.27,,-0.60%
05/16/2019,1.28,1.28,1.29,1.28,,-0.41%
05/15/2019,1.28,1.29,1.29,1.28,,-0.43%
05/14/2019,1.29,1.30,1.30,1.29,,-0.39%
05/13/2019,1.30,1.30,1.30,1.29,,-0.34%
05/10/2019,1.30,1.30,1.30,1.30,,-0.11%
05/09/2019,1.30,1.30,1.30,1.30,,0.05%
05/08/2019,1.30,1.31,1.31,1.30,,-0.52%
05/07/2019,1.31,1.31,1.31,1.30,,-0.16%
05/06/2019,1.31,1.31,1.32,1.31,,-0.58%
05/03/2019,1.32,1.30,1.32,1.30,,1.05%
05/02/2019,1.30,1.31,1.31,1.30,,-0.11%
05/01/2019,1.30,1.30,1.31,1.30,,0.14%
04/30/2019,1.30,1.29,1.31,1.29,,0.73%
04/29/2019,1.29,1.29,1.29,1.29,,0.15%
04/26/2019,1.29,1.29,1.29,1.29,,0.16%
04/25/2019,1.29,1.29,1.29,1.29,,-0.02%
04/24/2019,1.29,1.29,1.30,1.29,,-0.29%
04/23/2019,1.29,1.30,1.30,1.29,,-0.35%
04/22/2019,1.30,1.30,1.30,1.30,,-0.05%
04/19/2019,1.30,1.30,1.30,1.30,,-0.06%
04/18/2019,1.30,1.30,1.31,1.30,,-0.36%
04/17/2019,1.30,1.30,1.31,1.30,,-0.04%
04/16/2019,1.30,1.31,1.31,1.30,,-0.37%
04/15/2019,1.31,1.31,1.31,1.31,,0.12%
04/12/2019,1.31,1.31,1.31,1.30,,0.21%
04/11/2019,1.31,1.31,1.31,1.31,,-0.27%
04/10/2019,1.31,1.31,1.31,1.30,,0.22%
04/09/2019,1.31,1.31,1.31,1.30,,-0.02%
04/08/2019,1.31,1.30,1.31,1.30,,0.20%
04/05/2019,1.30,1.31,1.31,1.30,,-0.31%
04/04/2019,1.31,1.32,1.32,1.31,,-0.62%
04/03/2019,1.32,1.31,1.32,1.31,,0.24%
04/02/2019,1.31,1.31,1.32,1.30,,0.21%
04/01/2019,1.31,1.30,1.32,1.30,,0.52%
03/29/2019,1.30,1.30,1.31,1.30,,-0.09%
03/28/2019,1.30,1.32,1.32,1.30,,-1.11%
03/27/2019,1.32,1.32,1.33,1.32,,-0.14%
03/26/2019,1.32,1.32,1.33,1.32,,0.04%
03/25/2019,1.32,1.32,1.32,1.32,,-0.05%
03/22/2019,1.32,1.31,1.32,1.31,,0.78%
03/21/2019,1.31,1.32,1.32,1.30,,-0.67%
03/20/2019,1.32,1.33,1.33,1.31,,-0.54%
03/19/2019,1.33,1.33,1.33,1.32,,0.09%
03/18/2019,1.33,1.33,1.33,1.32,,-0.26%
03/15/2019,1.33,1.32,1.33,1.32,,0.38%
03/14/2019,1.32,1.33,1.33,1.32,,-0.73%
03/13/2019,1.33,1.31,1.34,1.31,,2.02%
03/12/2019,1.31,1.32,1.33,1.30,,-0.59%
03/11/2019,1.32,1.30,1.32,1.29,,1.04%
03/08/2019,1.30,1.31,1.31,1.30,,-0.53%
03/07/2019,1.31,1.32,1.32,1.31,,-0.65%
03/06/2019,1.32,1.32,1.32,1.31,,-0.05%
03/05/2019,1.32,1.32,1.32,1.31,,-0.08%
03/04/2019,1.32,1.32,1.33,1.32,,-0.12%
03/01/2019,1.32,1.33,1.33,1.32,,-0.44%
02/28/2019,1.33,1.33,1.33,1.33,,-0.35%
02/27/2019,1.33,1.33,1.34,1.32,,0.44%
02/26/2019,1.33,1.31,1.33,1.31,,1.18%
02/25/2019,1.31,1.31,1.31,1.30,,0.33%
02/22/2019,1.31,1.30,1.31,1.30,,0.02%
02/21/2019,1.30,1.31,1.31,1.30,,0.00%
02/20/2019,1.30,1.31,1.31,1.30,,-0.10%
02/19/2019,1.31,1.29,1.31,1.29,,1.09%
02/18/2019,1.29,1.29,1.29,1.29,,0.25%
02/15/2019,1.29,1.28,1.29,1.28,,0.61%
02/14/2019,1.28,1.28,1.29,1.28,,-0.26%
02/13/2019,1.28,1.29,1.30,1.28,,-0.36%
02/12/2019,1.29,1.29,1.29,1.28,,0.32%
02/11/2019,1.28,1.29,1.30,1.28,,-0.76%
02/08/2019,1.29,1.30,1.30,1.29,,-0.05%
02/07/2019,1.30,1.29,1.30,1.29,,0.16%
02/06/2019,1.29,1.30,1.30,1.29,,-0.08%
02/05/2019,1.29,1.30,1.31,1.29,,-0.71%
02/04/2019,1.30,1.31,1.31,1.30,,-0.37%
02/01/2019,1.31,1.31,1.31,1.30,,-0.13%
01/31/2019,1.31,1.31,1.32,1.31,,-0.12%
01/30/2019,1.31,1.31,1.31,1.31,,0.38%
01/29/2019,1.31,1.32,1.32,1.31,,-0.73%
01/28/2019,1.32,1.32,1.32,1.31,,-0.30%
01/25/2019,1.32,1.31,1.32,1.31,,1.05%
01/24/2019,1.31,1.31,1.31,1.30,,-0.02%
01/23/2019,1.31,1.30,1.31,1.29,,0.85%
01/22/2019,1.30,1.29,1.30,1.29,,0.52%
01/21/2019,1.29,1.29,1.29,1.28,,0.13%
01/18/2019,1.29,1.30,1.30,1.29,,-0.85%
01/17/2019,1.30,1.29,1.30,1.28,,0.80%
01/16/2019,1.29,1.29,1.29,1.28,,0.18%
01/15/2019,1.29,1.29,1.29,1.27,,-0.04%
01/14/2019,1.29,1.28,1.29,1.28,,0.17%
01/11/2019,1.28,1.28,1.29,1.27,,0.74%
01/10/2019,1.27,1.28,1.28,1.27,,-0.32%
01/09/2019,1.28,1.27,1.28,1.27,,0.56%
01/08/2019,1.27,1.28,1.28,1.27,,-0.48%
01/07/2019,1.28,1.27,1.28,1.27,,0.41%
01/04/2019,1.27,1.26,1.27,1.26,,0.75%
01/03/2019,1.26,1.26,1.26,1.24,,0.19%
01/02/2019,1.26,1.27,1.28,1.26,,-1.13%
01/01/2019,1.28,1.28,1.28,1.27,,-0.05%
12/31/2018,1.28,1.27,1.28,1.27,,0.41%
12/28/2018,1.27,1.26,1.27,1.26,,0.50%
12/27/2018,1.26,1.26,1.27,1.26,,0.08%
12/26/2018,1.26,1.27,1.27,1.26,,-0.41%
12/25/2018,1.27,1.27,1.27,1.27,,-0.30%
12/24/2018,1.27,1.27,1.27,1.26,,0.73%
12/21/2018,1.26,1.27,1.27,1.26,,-0.20%
12/20/2018,1.27,1.26,1.27,1.26,,0.38%
12/19/2018,1.26,1.26,1.27,1.26,,-0.29%
12/18/2018,1.26,1.26,1.27,1.26,,0.15%
12/17/2018,1.26,1.26,1.26,1.26,,0.33%
12/14/2018,1.26,1.27,1.27,1.25,,-0.57%
12/13/2018,1.27,1.26,1.27,1.26,,0.21%
12/12/2018,1.26,1.25,1.27,1.25,,1.16%
12/11/2018,1.25,1.26,1.26,1.25,,-0.60%
12/10/2018,1.26,1.27,1.28,1.25,,-1.31%
12/07/2018,1.27,1.28,1.28,1.27,,-0.44%
12/06/2018,1.28,1.27,1.28,1.27,,0.40%
12/05/2018,1.27,1.27,1.28,1.27,,0.10%
12/04/2018,1.27,1.27,1.28,1.27,,-0.03%
12/03/2018,1.27,1.28,1.28,1.27,,-0.23%
11/30/2018,1.28,1.28,1.28,1.27,,-0.32%
11/29/2018,1.28,1.28,1.29,1.28,,-0.25%
11/28/2018,1.28,1.27,1.28,1.27,,0.60%
11/27/2018,1.27,1.28,1.28,1.27,,-0.67%
11/26/2018,1.28,1.29,1.29,1.28,,0.16%
11/23/2018,1.28,1.29,1.29,1.28,,-0.50%
11/22/2018,1.29,1.28,1.29,1.28,,0.79%
11/21/2018,1.28,1.28,1.28,1.28,,-0.09%
11/20/2018,1.28,1.29,1.29,1.28,,-0.49%
11/19/2018,1.28,1.28,1.29,1.28,,0.09%
11/16/2018,1.28,1.28,1.29,1.28,,0.49%
11/15/2018,1.28,1.30,1.30,1.27,,-1.69%
11/14/2018,1.30,1.30,1.31,1.29,,0.18%
11/13/2018,1.30,1.28,1.30,1.28,,0.97%
11/12/2018,1.28,1.30,1.30,1.28,,-0.98%
11/09/2018,1.30,1.31,1.31,1.30,,-0.67%
11/08/2018,1.31,1.31,1.32,1.30,,-0.48%
11/07/2018,1.31,1.31,1.32,1.31,,0.21%
11/06/2018,1.31,1.30,1.31,1.30,,0.44%
11/05/2018,1.30,1.30,1.31,1.30,,0.54%
11/02/2018,1.30,1.30,1.30,1.30,,-0.30%
11/01/2018,1.30,1.28,1.30,1.28,,1.91%
10/31/2018,1.28,1.27,1.28,1.27,,0.48%
10/30/2018,1.27,1.28,1.28,1.27,,-0.68%
10/29/2018,1.28,1.28,1.29,1.28,,-0.31%
10/26/2018,1.28,1.28,1.28,1.28,,0.12%
10/25/2018,1.28,1.29,1.29,1.28,,-0.50%
10/24/2018,1.29,1.30,1.30,1.29,,-0.79%
10/23/2018,1.30,1.30,1.30,1.29,,0.16%
10/22/2018,1.30,1.31,1.31,1.30,,-0.83%
10/19/2018,1.31,1.30,1.31,1.30,,0.40%
10/18/2018,1.30,1.31,1.31,1.30,,-0.74%
10/17/2018,1.31,1.32,1.32,1.31,,-0.55%
10/16/2018,1.32,1.32,1.32,1.31,,0.26%
10/15/2018,1.32,1.31,1.32,1.31,,-0.02%
10/12/2018,1.32,1.32,1.33,1.31,,-0.61%
10/11/2018,1.32,1.32,1.32,1.32,,0.30%
10/10/2018,1.32,1.31,1.32,1.31,,0.40%
10/09/2018,1.31,1.31,1.32,1.30,,0.41%
10/08/2018,1.31,1.31,1.31,1.30,,-0.25%
10/05/2018,1.31,1.30,1.31,1.30,,0.79%
10/04/2018,1.30,1.29,1.30,1.29,,0.62%
10/03/2018,1.29,1.30,1.30,1.29,,-0.30%
10/02/2018,1.30,1.30,1.31,1.29,,-0.49%
10/01/2018,1.30,1.30,1.31,1.30,,0.09%
09/28/2018,1.30,1.31,1.31,1.30,,-0.39%
09/27/2018,1.31,1.32,1.32,1.31,,-0.67%
09/26/2018,1.32,1.32,1.32,1.31,,-0.10%
09/25/2018,1.32,1.31,1.32,1.31,,0.47%
09/24/2018,1.31,1.31,1.32,1.31,,0.34%
09/21/2018,1.31,1.33,1.33,1.31,,-1.43%
09/20/2018,1.33,1.31,1.33,1.31,,0.94%
09/19/2018,1.31,1.32,1.32,1.31,,-0.04%
09/18/2018,1.31,1.32,1.32,1.31,,-0.07%
09/17/2018,1.32,1.31,1.32,1.31,,0.69%
09/14/2018,1.31,1.31,1.31,1.31,,-0.30%
09/13/2018,1.31,1.30,1.31,1.30,,0.45%
09/12/2018,1.30,1.30,1.31,1.30,,0.10%
09/11/2018,1.30,1.30,1.31,1.30,,0.06%
09/10/2018,1.30,1.29,1.31,1.29,,0.80%
09/07/2018,1.29,1.29,1.30,1.29,,-0.06%
09/06/2018,1.29,1.29,1.30,1.29,,0.22%
09/05/2018,1.29,1.29,1.30,1.28,,0.37%
09/04/2018,1.29,1.29,1.29,1.28,,-0.12%
09/03/2018,1.29,1.30,1.30,1.29,,-0.70%
08/31/2018,1.30,1.30,1.30,1.29,,-0.36%
08/30/2018,1.30,1.30,1.30,1.30,,-0.13%
08/29/2018,1.30,1.29,1.30,1.28,,1.16%
08/28/2018,1.29,1.29,1.29,1.29,,-0.12%
08/27/2018,1.29,1.28,1.29,1.28,,0.37%
08/24/2018,1.28,1.28,1.29,1.28,,0.26%
08/23/2018,1.28,1.29,1.29,1.28,,-0.77%
08/22/2018,1.29,1.29,1.29,1.29,,0.08%
08/21/2018,1.29,1.28,1.29,1.28,,0.80%
08/20/2018,1.28,1.27,1.28,1.27,,0.36%
08/17/2018,1.28,1.27,1.28,1.27,,0.26%
08/16/2018,1.27,1.27,1.28,1.27,,0.17%
08/15/2018,1.27,1.27,1.27,1.27,,-0.21%
08/14/2018,1.27,1.28,1.28,1.27,,-0.34%
08/13/2018,1.28,1.28,1.28,1.27,,-0.01%
08/10/2018,1.28,1.28,1.28,1.27,,-0.43%
08/09/2018,1.28,1.29,1.29,1.28,,-0.44%
08/08/2018,1.29,1.29,1.30,1.29,,-0.45%
08/07/2018,1.29,1.29,1.30,1.29,,-0.03%
08/06/2018,1.29,1.30,1.30,1.29,,-0.50%
08/03/2018,1.30,1.30,1.30,1.30,,-0.08%
08/02/2018,1.30,1.31,1.31,1.30,,-0.82%
08/01/2018,1.31,1.31,1.31,1.31,,-0.01%
07/31/2018,1.31,1.31,1.32,1.31,,-0.05%
07/30/2018,1.31,1.31,1.32,1.31,,0.22%
07/27/2018,1.31,1.31,1.31,1.31,,-0.04%
07/26/2018,1.31,1.32,1.32,1.31,,-0.61%
07/25/2018,1.32,1.31,1.32,1.31,,0.33%
07/24/2018,1.31,1.31,1.32,1.31,,0.33%
07/23/2018,1.31,1.31,1.32,1.31,,-0.24%
07/20/2018,1.31,1.30,1.31,1.30,,0.92%
07/19/2018,1.30,1.31,1.31,1.30,,-0.42%
07/18/2018,1.31,1.31,1.31,1.30,,-0.35%
07/17/2018,1.31,1.32,1.33,1.31,,-0.91%
07/16/2018,1.32,1.32,1.33,1.32,,0.01%
07/13/2018,1.32,1.32,1.32,1.31,,0.22%
07/12/2018,1.32,1.32,1.32,1.32,,0.01%
07/11/2018,1.32,1.33,1.33,1.32,,-0.53%
07/10/2018,1.33,1.33,1.33,1.32,,0.13%
07/09/2018,1.33,1.33,1.34,1.32,,-0.20%
07/06/2018,1.33,1.32,1.33,1.32,,0.44%
07/05/2018,1.32,1.32,1.33,1.32,,-0.05%
07/04/2018,1.32,1.32,1.33,1.32,,0.30%
07/03/2018,1.32,1.31,1.32,1.31,,0.38%
07/02/2018,1.31,1.32,1.32,1.31,,-0.50%
06/29/2018,1.32,1.31,1.32,1.31,,1.00%
06/28/2018,1.31,1.31,1.31,1.31,,-0.27%
06/27/2018,1.31,1.32,1.32,1.31,,-0.87%
06/26/2018,1.32,1.33,1.33,1.32,,-0.37%
06/25/2018,1.33,1.33,1.33,1.32,,0.05%
06/22/2018,1.33,1.33,1.33,1.32,,0.14%
06/21/2018,1.33,1.32,1.33,1.31,,0.60%
06/20/2018,1.32,1.32,1.32,1.31,,-0.05%
06/19/2018,1.32,1.32,1.33,1.32,,-0.48%
06/18/2018,1.32,1.33,1.33,1.32,,-0.31%
06/15/2018,1.33,1.33,1.33,1.32,,0.17%
06/14/2018,1.33,1.34,1.34,1.33,,-0.85%
06/13/2018,1.34,1.34,1.34,1.33,,0.03%
06/12/2018,1.34,1.34,1.34,1.33,,-0.02%
06/11/2018,1.34,1.34,1.34,1.33,,-0.28%
06/08/2018,1.34,1.34,1.34,1.34,,-0.07%
06/07/2018,1.34,1.34,1.35,1.34,,0.07%
06/06/2018,1.34,1.34,1.34,1.34,,0.12%
06/05/2018,1.34,1.33,1.34,1.33,,0.63%
06/04/2018,1.33,1.33,1.34,1.33,,-0.26%
06/01/2018,1.33,1.33,1.34,1.33,,0.36%
05/31/2018,1.33,1.33,1.34,1.33,,0.06%
05/30/2018,1.33,1.33,1.33,1.32,,0.29%
05/29/2018,1.33,1.33,1.33,1.32,,-0.45%
05/28/2018,1.33,1.33,1.33,1.33,,0.04%
05/25/2018,1.33,1.34,1.34,1.33,,-0.54%
05/24/2018,1.34,1.33,1.34,1.33,,0.24%
05/23/2018,1.33,1.34,1.34,1.33,,-0.65%
05/22/2018,1.34,1.34,1.35,1.34,,0.04%
05/21/2018,1.34,1.35,1.35,1.34,,-0.32%
05/18/2018,1.35,1.35,1.35,1.35,,-0.32%
05/17/2018,1.35,1.35,1.36,1.35,,0.22%
05/16/2018,1.35,1.35,1.35,1.35,,-0.13%
05/15/2018,1.35,1.36,1.36,1.35,,-0.37%
05/14/2018,1.36,1.35,1.36,1.35,,0.10%
05/11/2018,1.35,1.35,1.36,1.35,,0.19%
05/10/2018,1.35,1.35,1.36,1.35,,-0.21%
05/09/2018,1.35,1.35,1.36,1.35,,0.00%
05/08/2018,1.35,1.36,1.36,1.35,,-0.08%
05/07/2018,1.36,1.35,1.36,1.35,,0.18%
05/04/2018,1.35,1.36,1.36,1.35,,-0.32%
05/03/2018,1.36,1.36,1.36,1.35,,-0.01%
05/02/2018,1.36,1.36,1.37,1.36,,-0.26%
05/01/2018,1.36,1.38,1.38,1.36,,-1.15%
04/30/2018,1.38,1.38,1.38,1.37,,-0.06%
04/27/2018,1.38,1.39,1.39,1.37,,-0.98%
04/26/2018,1.39,1.39,1.40,1.39,,-0.11%
04/25/2018,1.39,1.40,1.40,1.39,,-0.33%
04/24/2018,1.40,1.39,1.40,1.39,,0.26%
04/23/2018,1.39,1.40,1.40,1.39,,-0.45%
04/20/2018,1.40,1.41,1.41,1.40,,-0.62%
04/19/2018,1.41,1.42,1.42,1.41,,-0.79%
04/18/2018,1.42,1.43,1.43,1.42,,-0.59%
04/17/2018,1.43,1.43,1.44,1.43,,-0.35%
04/16/2018,1.43,1.43,1.43,1.42,,0.68%
04/13/2018,1.42,1.42,1.43,1.42,,0.10%
04/12/2018,1.42,1.42,1.42,1.41,,0.34%
04/11/2018,1.42,1.42,1.42,1.42,,0.03%
04/10/2018,1.42,1.41,1.42,1.41,,0.31%
04/09/2018,1.41,1.41,1.42,1.41,,0.28%
04/06/2018,1.41,1.40,1.41,1.40,,0.64%
04/05/2018,1.40,1.41,1.41,1.40,,-0.56%
04/04/2018,1.41,1.41,1.41,1.40,,0.16%
04/03/2018,1.41,1.40,1.41,1.40,,0.10%
04/02/2018,1.40,1.40,1.41,1.40,,0.19%
03/30/2018,1.40,1.40,1.41,1.40,,0.01%
03/29/2018,1.40,1.41,1.41,1.40,,-0.43%
03/28/2018,1.41,1.42,1.42,1.41,,-0.56%
03/27/2018,1.42,1.42,1.42,1.41,,-0.50%
03/26/2018,1.42,1.41,1.42,1.41,,0.67%
03/23/2018,1.41,1.41,1.42,1.41,,0.27%
03/22/2018,1.41,1.41,1.42,1.41,,-0.33%
03/21/2018,1.41,1.40,1.42,1.40,,1.03%
03/20/2018,1.40,1.40,1.41,1.40,,-0.19%
03/19/2018,1.40,1.39,1.41,1.39,,0.60%
03/16/2018,1.39,1.39,1.40,1.39,,0.02%
03/15/2018,1.39,1.40,1.40,1.39,,-0.16%
03/14/2018,1.40,1.40,1.40,1.39,,-0.01%
03/13/2018,1.40,1.39,1.40,1.39,,0.41%
03/12/2018,1.39,1.39,1.39,1.38,,0.40%
03/09/2018,1.38,1.38,1.39,1.38,,0.27%
03/08/2018,1.38,1.39,1.39,1.38,,-0.64%
03/07/2018,1.39,1.39,1.39,1.38,,0.10%
03/06/2018,1.39,1.39,1.39,1.38,,0.27%
03/05/2018,1.38,1.38,1.39,1.38,,0.32%
03/02/2018,1.38,1.38,1.38,1.38,,0.21%
03/01/2018,1.38,1.38,1.38,1.37,,0.12%
02/28/2018,1.38,1.39,1.39,1.38,,-1.07%
02/27/2018,1.39,1.40,1.40,1.39,,-0.42%
02/26/2018,1.40,1.40,1.41,1.39,,0.00%
02/23/2018,1.40,1.40,1.40,1.39,,0.08%
02/22/2018,1.40,1.39,1.40,1.39,,0.27%
02/21/2018,1.39,1.40,1.40,1.39,,-0.56%
02/20/2018,1.40,1.40,1.40,1.39,,-0.06%
02/19/2018,1.40,1.40,1.41,1.40,,-0.26%
02/16/2018,1.40,1.41,1.41,1.40,,-0.40%
02/15/2018,1.41,1.40,1.41,1.40,,0.72%
02/14/2018,1.40,1.39,1.40,1.38,,0.76%
02/13/2018,1.39,1.38,1.39,1.38,,0.39%
02/12/2018,1.38,1.38,1.39,1.38,,0.00%
02/09/2018,1.38,1.39,1.40,1.38,,-0.55%
02/08/2018,1.39,1.39,1.41,1.38,,0.23%
02/07/2018,1.39,1.39,1.40,1.38,,-0.47%
02/06/2018,1.39,1.40,1.40,1.38,,-0.08%
02/05/2018,1.40,1.41,1.42,1.40,,-1.16%
02/02/2018,1.41,1.43,1.43,1.41,,-1.00%
02/01/2018,1.43,1.42,1.43,1.42,,0.51%
01/31/2018,1.42,1.41,1.42,1.41,,0.33%
01/30/2018,1.41,1.41,1.42,1.40,,0.50%
01/29/2018,1.41,1.42,1.42,1.40,,-0.67%
01/26/2018,1.42,1.41,1.43,1.41,,0.17%
01/25/2018,1.41,1.42,1.43,1.41,,-0.68%
01/24/2018,1.42,1.40,1.43,1.40,,1.73%
01/23/2018,1.40,1.40,1.40,1.39,,0.10%
01/22/2018,1.40,1.39,1.40,1.39,,0.97%
01/19/2018,1.39,1.39,1.39,1.38,,-0.30%
01/18/2018,1.39,1.38,1.39,1.38,,0.48%
01/17/2018,1.38,1.38,1.39,1.38,,0.25%
01/16/2018,1.38,1.38,1.38,1.37,,0.01%
01/15/2018,1.38,1.37,1.38,1.37,,0.46%
01/12/2018,1.37,1.35,1.37,1.35,,1.41%
01/11/2018,1.35,1.35,1.36,1.35,,0.23%
01/10/2018,1.35,1.35,1.36,1.35,,-0.24%
01/09/2018,1.35,1.36,1.36,1.35,,-0.21%
01/08/2018,1.36,1.36,1.36,1.35,,-0.02%
01/05/2018,1.36,1.36,1.36,1.35,,0.13%
01/04/2018,1.36,1.35,1.36,1.35,,0.27%
01/03/2018,1.35,1.36,1.36,1.35,,-0.53%
01/02/2018,1.36,1.35,1.36,1.35,,0.63%
01/01/2018,1.35,1.35,1.35,1.35,,-0.09%
12/29/2017,1.35,1.34,1.35,1.34,,0.54%
12/28/2017,1.34,1.34,1.35,1.34,,0.34%
12/27/2017,1.34,1.34,1.34,1.34,,0.17%
12/26/2017,1.34,1.34,1.34,1.33,,0.04%
12/25/2017,1.34,1.34,1.34,1.34,,0.05%
12/22/2017,1.34,1.34,1.34,1.33,,-0.17%
12/21/2017,1.34,1.34,1.34,1.33,,0.07%
12/20/2017,1.34,1.34,1.34,1.34,,-0.07%
12/19/2017,1.34,1.34,1.34,1.33,,0.02%
12/18/2017,1.34,1.33,1.34,1.33,,0.46%
12/15/2017,1.33,1.34,1.35,1.33,,-0.83%
12/14/2017,1.34,1.34,1.35,1.34,,0.09%
12/13/2017,1.34,1.33,1.34,1.33,,0.77%
12/12/2017,1.33,1.33,1.34,1.33,,-0.16%
12/11/2017,1.33,1.34,1.34,1.33,,-0.40%
12/08/2017,1.34,1.35,1.35,1.34,,-0.61%
12/07/2017,1.35,1.34,1.35,1.33,,0.60%
12/06/2017,1.34,1.34,1.34,1.34,,-0.36%
12/05/2017,1.34,1.35,1.35,1.34,,-0.27%
12/04/2017,1.35,1.35,1.35,1.34,,0.04%
12/01/2017,1.35,1.35,1.36,1.34,,-0.39%
11/30/2017,1.35,1.34,1.36,1.34,,0.87%
11/29/2017,1.34,1.33,1.35,1.33,,0.53%
11/28/2017,1.33,1.33,1.34,1.32,,0.15%
11/27/2017,1.33,1.33,1.34,1.33,,-0.14%
11/24/2017,1.33,1.33,1.34,1.33,,0.20%
11/23/2017,1.33,1.33,1.33,1.33,,-0.12%
11/22/2017,1.33,1.32,1.33,1.32,,0.66%
11/21/2017,1.32,1.32,1.33,1.32,,0.03%
11/20/2017,1.32,1.32,1.33,1.32,,0.16%
11/17/2017,1.32,1.32,1.33,1.32,,0.14%
11/16/2017,1.32,1.32,1.32,1.31,,0.18%
11/15/2017,1.32,1.32,1.32,1.31,,0.05%
11/14/2017,1.32,1.31,1.32,1.31,,0.37%
11/13/2017,1.31,1.32,1.32,1.31,,-0.57%
11/10/2017,1.32,1.31,1.32,1.31,,0.30%
11/09/2017,1.32,1.31,1.32,1.31,,0.27%
11/08/2017,1.31,1.32,1.32,1.31,,-0.39%
11/07/2017,1.32,1.32,1.32,1.31,,-0.04%
11/06/2017,1.32,1.31,1.32,1.31,,0.73%
11/03/2017,1.31,1.31,1.31,1.30,,0.13%
11/02/2017,1.31,1.32,1.33,1.30,,-1.41%
11/01/2017,1.32,1.33,1.33,1.32,,-0.28%
10/31/2017,1.33,1.32,1.33,1.32,,0.57%
10/30/2017,1.32,1.31,1.32,1.31,,0.60%
10/27/2017,1.31,1.32,1.32,1.31,,-0.24%
10/26/2017,1.32,1.33,1.33,1.31,,-0.78%
10/25/2017,1.33,1.31,1.33,1.31,,0.97%
10/24/2017,1.31,1.32,1.32,1.31,,-0.46%
10/23/2017,1.32,1.32,1.32,1.32,,0.05%
10/20/2017,1.32,1.32,1.32,1.31,,0.24%
10/19/2017,1.32,1.32,1.32,1.31,,-0.35%
10/18/2017,1.32,1.32,1.32,1.31,,0.11%
10/17/2017,1.32,1.33,1.33,1.32,,-0.45%
10/16/2017,1.33,1.33,1.33,1.32,,-0.28%
10/13/2017,1.33,1.33,1.33,1.32,,0.19%
10/12/2017,1.33,1.32,1.33,1.31,,0.29%
10/11/2017,1.32,1.32,1.32,1.32,,0.14%
10/10/2017,1.32,1.31,1.32,1.31,,0.47%
10/09/2017,1.31,1.31,1.32,1.31,,0.58%
10/06/2017,1.31,1.31,1.31,1.30,,-0.40%
10/05/2017,1.31,1.32,1.33,1.31,,-0.95%
10/04/2017,1.32,1.32,1.33,1.32,,0.07%
10/03/2017,1.32,1.33,1.33,1.32,,-0.31%
10/02/2017,1.33,1.34,1.34,1.33,,-0.90%
09/29/2017,1.34,1.34,1.34,1.33,,-0.33%
09/28/2017,1.34,1.34,1.35,1.33,,0.41%
09/27/2017,1.34,1.35,1.35,1.34,,-0.53%
09/26/2017,1.35,1.35,1.35,1.34,,-0.07%
09/25/2017,1.35,1.35,1.36,1.34,,-0.19%
09/22/2017,1.35,1.36,1.36,1.35,,-0.63%
09/21/2017,1.36,1.35,1.36,1.35,,0.63%
09/20/2017,1.35,1.35,1.37,1.35,,-0.11%
09/19/2017,1.35,1.35,1.36,1.35,,0.11%
09/18/2017,1.35,1.36,1.36,1.35,,-0.73%
09/15/2017,1.36,1.34,1.36,1.34,,1.46%
09/14/2017,1.34,1.32,1.34,1.32,,1.41%
09/13/2017,1.32,1.33,1.33,1.32,,-0.55%
09/12/2017,1.33,1.32,1.33,1.32,,0.92%
09/11/2017,1.32,1.32,1.32,1.32,,-0.27%
09/08/2017,1.32,1.31,1.32,1.31,,0.74%
09/07/2017,1.31,1.30,1.31,1.30,,0.44%
09/06/2017,1.30,1.30,1.31,1.30,,0.08%
09/05/2017,1.30,1.29,1.30,1.29,,0.78%
09/04/2017,1.29,1.30,1.30,1.29,,-0.15%
09/01/2017,1.30,1.29,1.30,1.29,,0.15%
08/31/2017,1.29,1.29,1.29,1.29,,0.04%
08/30/2017,1.29,1.29,1.29,1.29,,0.05%
08/29/2017,1.29,1.29,1.30,1.29,,-0.10%
08/28/2017,1.29,1.29,1.29,1.29,,0.36%
08/25/2017,1.29,1.28,1.29,1.28,,0.68%
08/24/2017,1.28,1.28,1.28,1.28,,0.00%
08/23/2017,1.28,1.28,1.28,1.28,,-0.19%
08/22/2017,1.28,1.29,1.29,1.28,,-0.60%
08/21/2017,1.29,1.29,1.29,1.28,,0.19%
08/18/2017,1.29,1.29,1.29,1.28,,0.05%
08/17/2017,1.29,1.29,1.29,1.29,,-0.16%
08/16/2017,1.29,1.29,1.29,1.28,,0.16%
08/15/2017,1.29,1.30,1.30,1.28,,-0.73%
08/14/2017,1.30,1.30,1.30,1.30,,-0.36%
08/11/2017,1.30,1.30,1.30,1.29,,0.29%
08/10/2017,1.30,1.30,1.30,1.30,,-0.23%
08/09/2017,1.30,1.30,1.30,1.30,,0.11%
08/08/2017,1.30,1.30,1.31,1.30,,-0.34%
08/07/2017,1.30,1.30,1.31,1.30,,-0.01%
08/04/2017,1.30,1.31,1.32,1.30,,-0.78%
08/03/2017,1.31,1.32,1.33,1.31,,-0.64%
08/02/2017,1.32,1.32,1.33,1.32,,0.15%
08/01/2017,1.32,1.32,1.32,1.32,,-0.08%
07/31/2017,1.32,1.31,1.32,1.31,,0.60%
07/28/2017,1.31,1.31,1.32,1.31,,0.52%
07/27/2017,1.31,1.31,1.32,1.31,,-0.41%
07/26/2017,1.31,1.30,1.31,1.30,,0.73%
07/25/2017,1.30,1.30,1.31,1.30,,-0.02%
07/24/2017,1.30,1.30,1.31,1.30,,0.26%
07/21/2017,1.30,1.30,1.30,1.30,,0.16%
07/20/2017,1.30,1.30,1.30,1.29,,-0.34%
07/19/2017,1.30,1.30,1.31,1.30,,-0.17%
07/18/2017,1.30,1.31,1.31,1.30,,-0.11%
07/17/2017,1.31,1.31,1.31,1.30,,-0.31%
07/14/2017,1.31,1.29,1.31,1.29,,1.21%
07/13/2017,1.29,1.29,1.30,1.29,,0.42%
07/12/2017,1.29,1.28,1.29,1.28,,0.28%
07/11/2017,1.28,1.29,1.29,1.28,,-0.23%
07/10/2017,1.29,1.29,1.29,1.29,,-0.10%
07/07/2017,1.29,1.30,1.30,1.29,,-0.61%
07/06/2017,1.30,1.29,1.30,1.29,,0.28%
07/05/2017,1.29,1.29,1.30,1.29,,0.12%
07/04/2017,1.29,1.29,1.30,1.29,,-0.13%
07/03/2017,1.29,1.30,1.30,1.29,,-0.69%
06/30/2017,1.30,1.30,1.30,1.29,,0.16%
06/29/2017,1.30,1.29,1.30,1.29,,0.62%
06/28/2017,1.29,1.28,1.30,1.28,,0.86%
06/27/2017,1.28,1.27,1.29,1.27,,0.75%
06/26/2017,1.27,1.27,1.28,1.27,,0.02%
06/23/2017,1.27,1.27,1.27,1.27,,0.28%
06/22/2017,1.27,1.27,1.27,1.27,,0.09%
06/21/2017,1.27,1.26,1.27,1.26,,0.32%
06/20/2017,1.26,1.27,1.28,1.26,,-0.82%
06/19/2017,1.27,1.28,1.28,1.27,,-0.31%
06/16/2017,1.28,1.28,1.28,1.27,,0.16%
06/15/2017,1.28,1.28,1.28,1.27,,0.02%
06/14/2017,1.28,1.28,1.28,1.27,,-0.01%
06/13/2017,1.28,1.27,1.28,1.26,,0.77%
06/12/2017,1.27,1.27,1.28,1.26,,-0.70%
06/09/2017,1.27,1.30,1.30,1.26,,-1.61%
06/08/2017,1.30,1.30,1.30,1.29,,-0.06%
06/07/2017,1.30,1.29,1.30,1.29,,0.39%
06/06/2017,1.29,1.29,1.30,1.29,,0.06%
06/05/2017,1.29,1.29,1.29,1.28,,0.12%
06/02/2017,1.29,1.29,1.29,1.28,,0.05%
06/01/2017,1.29,1.29,1.29,1.28,,-0.07%
05/31/2017,1.29,1.29,1.29,1.28,,0.25%
05/30/2017,1.29,1.28,1.29,1.28,,0.13%
05/29/2017,1.28,1.28,1.29,1.28,,0.29%
05/26/2017,1.28,1.29,1.29,1.28,,-1.05%
05/25/2017,1.29,1.30,1.30,1.29,,-0.26%
05/24/2017,1.30,1.30,1.30,1.29,,0.09%
05/23/2017,1.30,1.30,1.30,1.30,,-0.29%
05/22/2017,1.30,1.30,1.30,1.30,,-0.27%
05/19/2017,1.30,1.29,1.30,1.29,,0.74%
05/18/2017,1.29,1.30,1.31,1.29,,-0.26%
05/17/2017,1.30,1.29,1.30,1.29,,0.43%
05/16/2017,1.29,1.29,1.30,1.29,,0.19%
05/15/2017,1.29,1.29,1.29,1.29,,0.02%
05/12/2017,1.29,1.29,1.29,1.28,,0.04%
05/11/2017,1.29,1.29,1.30,1.29,,-0.40%
05/10/2017,1.29,1.29,1.30,1.29,,0.02%
05/09/2017,1.29,1.29,1.30,1.29,,-0.04%
05/08/2017,1.29,1.30,1.30,1.29,,-0.32%
05/05/2017,1.30,1.29,1.30,1.29,,0.46%
05/04/2017,1.29,1.29,1.29,1.28,,0.42%
05/03/2017,1.29,1.29,1.30,1.29,,-0.55%
05/02/2017,1.29,1.29,1.29,1.29,,0.40%
05/01/2017,1.29,1.30,1.30,1.29,,-0.50%
04/28/2017,1.30,1.29,1.30,1.29,,0.36%
04/27/2017,1.29,1.28,1.29,1.28,,0.44%
04/26/2017,1.28,1.28,1.29,1.28,,0.05%
04/25/2017,1.28,1.28,1.28,1.28,,0.37%
04/24/2017,1.28,1.28,1.29,1.28,,-0.15%
04/21/2017,1.28,1.28,1.28,1.28,,0.00%
04/20/2017,1.28,1.28,1.29,1.28,,0.27%
04/19/2017,1.28,1.28,1.29,1.28,,-0.48%
04/18/2017,1.28,1.26,1.29,1.25,,2.20%
04/17/2017,1.26,1.25,1.26,1.25,,0.33%
04/14/2017,1.25,1.25,1.25,1.25,,0.14%
04/13/2017,1.25,1.25,1.26,1.25,,-0.27%
04/12/2017,1.25,1.25,1.26,1.25,,0.39%
04/11/2017,1.25,1.24,1.25,1.24,,0.62%
04/10/2017,1.24,1.24,1.24,1.24,,0.33%
04/07/2017,1.24,1.25,1.25,1.24,,-0.78%
04/06/2017,1.25,1.25,1.25,1.25,,-0.10%
04/05/2017,1.25,1.24,1.25,1.24,,0.34%
04/04/2017,1.24,1.25,1.25,1.24,,-0.37%
04/03/2017,1.25,1.25,1.26,1.25,,-0.50%
03/31/2017,1.26,1.25,1.26,1.24,,0.65%
03/30/2017,1.25,1.24,1.25,1.24,,0.28%
03/29/2017,1.24,1.24,1.25,1.24,,-0.13%
03/28/2017,1.25,1.26,1.26,1.24,,-0.84%
03/27/2017,1.26,1.25,1.26,1.25,,0.69%
03/24/2017,1.25,1.25,1.25,1.25,,-0.41%
03/23/2017,1.25,1.25,1.25,1.25,,0.30%
03/22/2017,1.25,1.25,1.25,1.24,,0.04%
03/21/2017,1.25,1.24,1.25,1.23,,0.98%
03/20/2017,1.24,1.24,1.24,1.23,,-0.29%
03/17/2017,1.24,1.24,1.24,1.23,,0.28%
03/16/2017,1.24,1.23,1.24,1.22,,0.55%
03/15/2017,1.23,1.22,1.23,1.21,,1.14%
03/14/2017,1.22,1.22,1.22,1.21,,-0.53%
03/13/2017,1.22,1.22,1.23,1.21,,0.39%
03/10/2017,1.22,1.22,1.22,1.21,,0.03%
03/09/2017,1.22,1.22,1.22,1.21,,-0.02%
03/08/2017,1.22,1.22,1.22,1.21,,-0.25%
03/07/2017,1.22,1.22,1.23,1.22,,-0.29%
03/06/2017,1.22,1.23,1.23,1.22,,-0.48%
03/03/2017,1.23,1.23,1.23,1.22,,0.23%
03/02/2017,1.23,1.23,1.23,1.22,,-0.23%
03/01/2017,1.23,1.24,1.24,1.23,,-0.69%
02/28/2017,1.24,1.24,1.25,1.24,,-0.51%
02/27/2017,1.24,1.25,1.25,1.24,,-0.19%
02/24/2017,1.25,1.26,1.26,1.24,,-0.69%
02/23/2017,1.26,1.24,1.26,1.24,,0.84%
02/22/2017,1.25,1.25,1.25,1.24,,-0.18%
02/21/2017,1.25,1.25,1.25,1.24,,0.10%
02/20/2017,1.25,1.24,1.25,1.24,,0.38%
02/17/2017,1.24,1.25,1.25,1.24,,-0.61%
02/16/2017,1.25,1.25,1.25,1.25,,0.25%
02/15/2017,1.25,1.25,1.25,1.24,,-0.09%
02/14/2017,1.25,1.25,1.26,1.24,,-0.46%
02/13/2017,1.25,1.25,1.25,1.25,,0.30%
02/10/2017,1.25,1.25,1.25,1.24,,-0.04%
02/09/2017,1.25,1.25,1.26,1.25,,-0.34%
02/08/2017,1.25,1.25,1.26,1.25,,0.22%
02/07/2017,1.25,1.25,1.25,1.23,,0.33%
02/06/2017,1.25,1.25,1.25,1.24,,-0.14%
02/03/2017,1.25,1.25,1.25,1.25,,-0.32%
02/02/2017,1.25,1.27,1.27,1.25,,-1.03%
02/01/2017,1.27,1.26,1.27,1.25,,0.63%
01/31/2017,1.26,1.25,1.26,1.24,,0.74%
01/30/2017,1.25,1.26,1.26,1.25,,-0.55%
01/27/2017,1.26,1.26,1.26,1.25,,-0.30%
01/26/2017,1.26,1.26,1.27,1.26,,-0.32%
01/25/2017,1.26,1.25,1.26,1.25,,0.90%
01/24/2017,1.25,1.25,1.25,1.24,,-0.11%
01/23/2017,1.25,1.24,1.25,1.24,,1.29%
01/20/2017,1.24,1.23,1.24,1.23,,0.27%
01/19/2017,1.23,1.23,1.23,1.23,,0.68%
01/18/2017,1.23,1.24,1.24,1.23,,-1.24%
01/17/2017,1.24,1.20,1.24,1.20,,3.03%
01/16/2017,1.20,1.21,1.21,1.20,,-1.08%
01/13/2017,1.22,1.22,1.22,1.21,,0.13%
01/12/2017,1.22,1.22,1.23,1.22,,-0.40%
01/11/2017,1.22,1.22,1.23,1.20,,0.29%
01/10/2017,1.22,1.22,1.22,1.21,,0.12%
01/09/2017,1.22,1.23,1.23,1.21,,-1.02%
01/06/2017,1.23,1.24,1.24,1.23,,-1.05%
01/05/2017,1.24,1.23,1.24,1.23,,0.78%
01/04/2017,1.23,1.22,1.24,1.22,,0.68%
01/03/2017,1.22,1.23,1.23,1.22,,-0.29%
01/02/2017,1.23,1.23,1.24,1.23,,-0.51%